case_id,case_code,film,release_year,mission_name,location,mission_objective,outcome,reasoning_type,case_subject,difficulty,answer_key_present
1,MI-30,Mission: Impossible – The Final Reckoning,2025,Capture Gabriel,"Venice, Italy",Capture Gabriel at a public event and escape with the team intact.,Failure,Identity deception; surveillance; contingency planning,Gabriel,intermediate,True
2,MI-29,Mission: Impossible – Dead Reckoning Part One,2023,Retrieve the First Half of the Entity Key,"Empty Quarter, UAE",Recover the first half of the key needed to access the Entity.,Success,Tracking; pursuit analysis; asset identification,Entity key / first-half holder,intermediate,True
3,MI-28,Mission: Impossible – Ghost Protocol,2011,Retrieve Bogdan and Escape the Prison,"Moscow, Russia",Extract Bogdan from prison for intelligence about Cobalt.,Success,Source evaluation; extraction planning; credibility assessment,Bogdan,standard,True
4,MI-27,Mission: Impossible,1996,Interrogate Gennady Zoismov,"Kyiv, Ukraine",Obtain intelligence from Zoismov using an undercover operation.,Success,Disguise detection; interrogation; inference,Gennady Zoismov,intermediate,True
5,MI-26,Mission: Impossible 2,2000,Recruit Nyah Nordoff-Hall,"Seville, Spain",Recruit professional thief Nyah to infiltrate Sean Ambrose's circle.,Success,Behavioral reasoning; trust assessment; motive analysis,Nyah Nordoff-Hall,intermediate,True
6,MI-25,Mission: Impossible – Dead Reckoning Part One,2023,Track Grace,"Rome and Venice, Italy",Find Grace and determine her role in the theft and Entity-key conflict.,Failure,Motive inference; pursuit; deception,Grace,standard,True
7,MI-24,Mission: Impossible 2,2000,Track Sean Ambrose and Determine the Purpose of Chimera,"Sydney, Australia",Identify Ambrose's plan and determine how Chimera is being used.,Success,Pattern recognition; motive analysis; surveillance,Sean Ambrose,intermediate,True
8,MI-23,Mission: Impossible,1996,Track and Apprehend the NOC-List Buyer,"Prague, Czech Republic",Protect the NOC list and identify the person betraying IMF operations.,Failure,Mole detection; false assumptions; evidence reconstruction,The IMF mole,advanced,True
9,MI-22,Mission: Impossible – Fallout,2018,Secure the Plutonium Cores,"Berlin, Germany",Recover three stolen plutonium cores before they can be weaponized.,Failure,Decision analysis; hostage leverage; priority conflicts,The plutonium cores,standard,True
10,MI-21,Mission: Impossible III,2006,Retrieve the Rabbit's Foot,"Shanghai, China",Steal the mysterious Rabbit's Foot from a heavily secured building.,Success,Heist logic; route planning; security analysis,Rabbit's Foot,intermediate,True
11,MI-20,Mission: Impossible – Fallout,2018,Free Solomon Lane,"Paris, France",Extract Solomon Lane so the IMF can use his knowledge of the Apostles.,Success,Source-risk analysis; pursuit prediction; tactical inference,Solomon Lane,intermediate,True
12,MI-19,Mission: Impossible,1996,"Meet Max, Hand Over the NOC List, and Apprehend Job",Train between London and Paris,Expose the mole and secure the stolen NOC information.,Success,Identity resolution; deception; timeline reconstruction,The IMF mole,advanced,True
13,MI-18,Mission: Impossible – Rogue Nation,2015,Steal and Secure the Syndicate Ledger,"Casablanca, Morocco",Obtain the Syndicate's financial/intelligence ledger from an underwater facility.,Failure,Systems reasoning; timing; failure analysis,Syndicate ledger,intermediate,True
14,MI-17,Mission: Impossible – Rogue Nation,2015,Intercept the Syndicate Nerve-Gas Shipment,"Minsk, Belarus",Stop a dangerous shipment before it reaches the Syndicate.,Success,Tracking; target identification; route prediction,Syndicate shipment,intermediate,True
15,MI-16,Mission: Impossible 2,2000,Infiltrate Biocyte and Destroy Chimera,"Sydney, Australia",Destroy Chimera and prevent the virus from being released.,Failure,Infiltration; threat assessment; contingency reasoning,Chimera,standard,True
16,MI-15,Mission: Impossible – Fallout,2018,Intercept the Apostles' Sale and Uncover John Lark,"Paris, France",Intercept the plutonium transaction and identify John Lark.,Success,Identity analysis; undercover reasoning; evidence linkage,John Lark,advanced,True
17,MI-14,Mission: Impossible III,2006,Find Lindsey Farris and Bring Her Home,"Berlin, Germany",Rescue IMF agent Lindsey Farris before Davian's operation succeeds.,Failure,Timeline analysis; threat detection; rescue planning,Lindsey Farris,intermediate,True
18,MI-13,Mission: Impossible – The Final Reckoning,2025,Retrieve the Entity Source Code from the Sevastopol Wreck,"Svalbard, Norway",Recover the Entity's source code from the wrecked submarine.,Success,Evidence recovery; environmental reasoning; survival constraints,Entity source code,standard,True
19,MI-12,Mission: Impossible – Dead Reckoning Part One,2023,Retrieve the Second Half of the Entity Key,"Abu Dhabi, UAE",Recover the second key half while preventing a nuclear-bomb catastrophe.,Failure,Crowd reasoning; object tracking; deception detection,Second half of Entity key,advanced,True
20,MI-11,Mission: Impossible – Rogue Nation,2015,Unlock the Ledger and Take Down the Syndicate,"London, England",Use the ledger to expose and dismantle the Syndicate.,Success,Evidence chains; institutional reasoning; adversarial planning,Solomon Lane / Syndicate,intermediate,True
21,MI-10,Mission: Impossible,1996,Steal the NOC List from CIA Headquarters,"Langley, Virginia, USA",Copy the NOC list without triggering the vault's security systems.,Success,Constraint satisfaction; anomaly detection; heist reasoning,NOC list,standard,True
22,MI-9,Mission: Impossible – Ghost Protocol,2011,Infiltrate the Kremlin and Retrieve Cobalt Files,"Moscow, Russia",Obtain intelligence connecting Cobalt to a nuclear-war plan.,Failure,Evidence reconstruction; deception; causal reasoning,Kurt Hendricks / Cobalt,intermediate,True
23,MI-8,Mission: Impossible – Ghost Protocol,2011,Stop Hendricks and the Nuclear Launch,"Mumbai, India",Prevent a nuclear launch and stop Kurt Hendricks.,Success,Multi-agent reasoning; timing dependencies; parallel tasks,Kurt Hendricks,intermediate,True
24,MI-7,Mission: Impossible – Rogue Nation,2015,Protect the Austrian Chancellor at the Opera,"Vienna, Austria",Prevent an assassination while determining which apparent threat is real.,Failure,Threat identification; spatial reasoning; decoy analysis,Austrian Chancellor threat,advanced,True
25,MI-6,Mission: Impossible 2,2000,Secure Bellpheron and Prevent the Chimera Pandemic,"Sydney, Australia",Stop Ambrose and prevent the release of Chimera.,Success,Integrated reasoning; identity verification; endgame analysis,Chimera,intermediate,True
26,MI-5,Mission: Impossible – The Final Reckoning,2025,Capture and Defeat the Entity,South Africa,Prevent the Entity from triggering a global nuclear catastrophe.,Success,Adversarial AI reasoning; causal chains; contingency planning,The Entity,intermediate,True
27,MI-4,Mission: Impossible – Dead Reckoning Part One,2023,Intercept the Entity-Key Sale on a Moving Train,"Innsbruck, Austria",Stop the sale of the Entity key and survive the sabotaged train.,Failure,Timeline reconstruction; identity swaps; cascading failures,Entity key sale,advanced,True
28,MI-3,Mission: Impossible III,2006,Kidnap Owen Davian,"Vatican City, Rome",Capture Davian and make his disappearance appear credible.,Success,Identity deception; staged evidence; chain-of-custody reasoning,Owen Davian,intermediate,True
29,MI-2,Mission: Impossible – Fallout,2018,Defuse the Nuclear Bombs,Siachen Glacier,Prevent simultaneous nuclear detonations after the plutonium cores are weaponized.,Success,Parallel reasoning; synchronization; last-known-state analysis,Nuclear bombs,intermediate,True
30,MI-1,Mission: Impossible – Ghost Protocol,2011,Intercept Nuclear Launch Codes and Track Marius Wistrom,"Dubai, UAE",Stop a nuclear-code exchange involving the Burj Khalifa operation.,Failure,Identity resolution; simultaneous operations; adversarial inference,Nuclear launch codes,advanced,True
