case_id,clue_id,clue_type,clue_text,reliability,game_function,source_note
1,01-C01,timeline,Case 1: the sequence of events surrounding Gabriel must be reconstructed before assigning responsibility.,high,supports_case_reasoning,adapted clue for the reasoning game; not a quotation
1,01-C02,identity,Case 1: identity information concerning Gabriel is incomplete or deliberately misleading.,high,supports_case_reasoning,adapted clue for the reasoning game; not a quotation
1,01-C03,behavior,Case 1: compare the observed behavior of the named actors with their stated objectives.,high,supports_case_reasoning,adapted clue for the reasoning game; not a quotation
1,01-C04,location,Case 1: the mission location and physical constraints restrict who could reach the objective at the relevant time.,medium,supports_case_reasoning,adapted clue for the reasoning game; not a quotation
1,01-C05,motive,Case 1: compare each actor's documented objective with the incentives implied by the mission.,medium,supports_case_reasoning,adapted clue for the reasoning game; not a quotation
1,01-C06,opportunity,"Case 1: access to the objective depends on timing, position, and operational knowledge.",high,supports_case_reasoning,adapted clue for the reasoning game; not a quotation
1,01-C07,decoy,Case 1: an apparent lead can be explained in more than one way; do not treat it as conclusive.,low,potential_red_herring,adapted clue for the reasoning game; not a quotation
1,01-C08,noise,"Case 1: the major action at Venice, Italy provides context, but it is not sufficient by itself to identify the correct explanation.",low,potential_red_herring,adapted clue for the reasoning game; not a quotation
2,02-C01,timeline,Case 2: the sequence of events surrounding Entity key / first-half holder must be reconstructed before assigning responsibility.,high,supports_case_reasoning,adapted clue for the reasoning game; not a quotation
2,02-C02,identity,Case 2: identity information concerning Entity key / first-half holder is incomplete or deliberately misleading.,high,supports_case_reasoning,adapted clue for the reasoning game; not a quotation
2,02-C03,behavior,Case 2: compare the observed behavior of the named actors with their stated objectives.,high,supports_case_reasoning,adapted clue for the reasoning game; not a quotation
2,02-C04,location,Case 2: the mission location and physical constraints restrict who could reach the objective at the relevant time.,medium,supports_case_reasoning,adapted clue for the reasoning game; not a quotation
2,02-C05,motive,Case 2: compare each actor's documented objective with the incentives implied by the mission.,medium,supports_case_reasoning,adapted clue for the reasoning game; not a quotation
2,02-C06,opportunity,"Case 2: access to the objective depends on timing, position, and operational knowledge.",high,supports_case_reasoning,adapted clue for the reasoning game; not a quotation
2,02-C07,decoy,Case 2: an apparent lead can be explained in more than one way; do not treat it as conclusive.,low,potential_red_herring,adapted clue for the reasoning game; not a quotation
2,02-C08,noise,"Case 2: the major action at Empty Quarter, UAE provides context, but it is not sufficient by itself to identify the correct explanation.",low,potential_red_herring,adapted clue for the reasoning game; not a quotation
3,03-C01,timeline,Case 3: the sequence of events surrounding Bogdan must be reconstructed before assigning responsibility.,high,supports_case_reasoning,adapted clue for the reasoning game; not a quotation
3,03-C02,identity,Case 3: identity information concerning Bogdan is incomplete or deliberately misleading.,high,supports_case_reasoning,adapted clue for the reasoning game; not a quotation
3,03-C03,behavior,Case 3: compare the observed behavior of the named actors with their stated objectives.,high,supports_case_reasoning,adapted clue for the reasoning game; not a quotation
3,03-C04,location,Case 3: the mission location and physical constraints restrict who could reach the objective at the relevant time.,medium,supports_case_reasoning,adapted clue for the reasoning game; not a quotation
3,03-C05,motive,Case 3: compare each actor's documented objective with the incentives implied by the mission.,medium,supports_case_reasoning,adapted clue for the reasoning game; not a quotation
3,03-C06,opportunity,"Case 3: access to the objective depends on timing, position, and operational knowledge.",high,supports_case_reasoning,adapted clue for the reasoning game; not a quotation
3,03-C07,decoy,Case 3: an apparent lead can be explained in more than one way; do not treat it as conclusive.,low,potential_red_herring,adapted clue for the reasoning game; not a quotation
3,03-C08,noise,"Case 3: the major action at Moscow, Russia provides context, but it is not sufficient by itself to identify the correct explanation.",low,potential_red_herring,adapted clue for the reasoning game; not a quotation
4,04-C01,timeline,Case 4: the sequence of events surrounding Gennady Zoismov must be reconstructed before assigning responsibility.,high,supports_case_reasoning,adapted clue for the reasoning game; not a quotation
4,04-C02,identity,Case 4: identity information concerning Gennady Zoismov is incomplete or deliberately misleading.,high,supports_case_reasoning,adapted clue for the reasoning game; not a quotation
4,04-C03,behavior,Case 4: compare the observed behavior of the named actors with their stated objectives.,high,supports_case_reasoning,adapted clue for the reasoning game; not a quotation
4,04-C04,location,Case 4: the mission location and physical constraints restrict who could reach the objective at the relevant time.,medium,supports_case_reasoning,adapted clue for the reasoning game; not a quotation
4,04-C05,motive,Case 4: compare each actor's documented objective with the incentives implied by the mission.,medium,supports_case_reasoning,adapted clue for the reasoning game; not a quotation
4,04-C06,opportunity,"Case 4: access to the objective depends on timing, position, and operational knowledge.",high,supports_case_reasoning,adapted clue for the reasoning game; not a quotation
4,04-C07,decoy,Case 4: an apparent lead can be explained in more than one way; do not treat it as conclusive.,low,potential_red_herring,adapted clue for the reasoning game; not a quotation
4,04-C08,noise,"Case 4: the major action at Kyiv, Ukraine provides context, but it is not sufficient by itself to identify the correct explanation.",low,potential_red_herring,adapted clue for the reasoning game; not a quotation
5,05-C01,timeline,Case 5: the sequence of events surrounding Nyah Nordoff-Hall must be reconstructed before assigning responsibility.,high,supports_case_reasoning,adapted clue for the reasoning game; not a quotation
5,05-C02,identity,Case 5: identity information concerning Nyah Nordoff-Hall is incomplete or deliberately misleading.,high,supports_case_reasoning,adapted clue for the reasoning game; not a quotation
5,05-C03,behavior,Case 5: compare the observed behavior of the named actors with their stated objectives.,high,supports_case_reasoning,adapted clue for the reasoning game; not a quotation
5,05-C04,location,Case 5: the mission location and physical constraints restrict who could reach the objective at the relevant time.,medium,supports_case_reasoning,adapted clue for the reasoning game; not a quotation
5,05-C05,motive,Case 5: compare each actor's documented objective with the incentives implied by the mission.,medium,supports_case_reasoning,adapted clue for the reasoning game; not a quotation
5,05-C06,opportunity,"Case 5: access to the objective depends on timing, position, and operational knowledge.",high,supports_case_reasoning,adapted clue for the reasoning game; not a quotation
5,05-C07,decoy,Case 5: an apparent lead can be explained in more than one way; do not treat it as conclusive.,low,potential_red_herring,adapted clue for the reasoning game; not a quotation
5,05-C08,noise,"Case 5: the major action at Seville, Spain provides context, but it is not sufficient by itself to identify the correct explanation.",low,potential_red_herring,adapted clue for the reasoning game; not a quotation
6,06-C01,timeline,Case 6: the sequence of events surrounding Grace must be reconstructed before assigning responsibility.,high,supports_case_reasoning,adapted clue for the reasoning game; not a quotation
6,06-C02,identity,Case 6: identity information concerning Grace is incomplete or deliberately misleading.,high,supports_case_reasoning,adapted clue for the reasoning game; not a quotation
6,06-C03,behavior,Case 6: compare the observed behavior of the named actors with their stated objectives.,high,supports_case_reasoning,adapted clue for the reasoning game; not a quotation
6,06-C04,location,Case 6: the mission location and physical constraints restrict who could reach the objective at the relevant time.,medium,supports_case_reasoning,adapted clue for the reasoning game; not a quotation
6,06-C05,motive,Case 6: compare each actor's documented objective with the incentives implied by the mission.,medium,supports_case_reasoning,adapted clue for the reasoning game; not a quotation
6,06-C06,opportunity,"Case 6: access to the objective depends on timing, position, and operational knowledge.",high,supports_case_reasoning,adapted clue for the reasoning game; not a quotation
6,06-C07,decoy,Case 6: an apparent lead can be explained in more than one way; do not treat it as conclusive.,low,potential_red_herring,adapted clue for the reasoning game; not a quotation
6,06-C08,noise,"Case 6: the major action at Rome and Venice, Italy provides context, but it is not sufficient by itself to identify the correct explanation.",low,potential_red_herring,adapted clue for the reasoning game; not a quotation
7,07-C01,timeline,Case 7: the sequence of events surrounding Sean Ambrose must be reconstructed before assigning responsibility.,high,supports_case_reasoning,adapted clue for the reasoning game; not a quotation
7,07-C02,identity,Case 7: identity information concerning Sean Ambrose is incomplete or deliberately misleading.,high,supports_case_reasoning,adapted clue for the reasoning game; not a quotation
7,07-C03,behavior,Case 7: compare the observed behavior of the named actors with their stated objectives.,high,supports_case_reasoning,adapted clue for the reasoning game; not a quotation
7,07-C04,location,Case 7: the mission location and physical constraints restrict who could reach the objective at the relevant time.,medium,supports_case_reasoning,adapted clue for the reasoning game; not a quotation
7,07-C05,motive,Case 7: compare each actor's documented objective with the incentives implied by the mission.,medium,supports_case_reasoning,adapted clue for the reasoning game; not a quotation
7,07-C06,opportunity,"Case 7: access to the objective depends on timing, position, and operational knowledge.",high,supports_case_reasoning,adapted clue for the reasoning game; not a quotation
7,07-C07,decoy,Case 7: an apparent lead can be explained in more than one way; do not treat it as conclusive.,low,potential_red_herring,adapted clue for the reasoning game; not a quotation
7,07-C08,noise,"Case 7: the major action at Sydney, Australia provides context, but it is not sufficient by itself to identify the correct explanation.",low,potential_red_herring,adapted clue for the reasoning game; not a quotation
8,08-C01,timeline,Case 8: the sequence of events surrounding The IMF mole must be reconstructed before assigning responsibility.,high,supports_case_reasoning,adapted clue for the reasoning game; not a quotation
8,08-C02,identity,Case 8: identity information concerning The IMF mole is incomplete or deliberately misleading.,high,supports_case_reasoning,adapted clue for the reasoning game; not a quotation
8,08-C03,behavior,Case 8: compare the observed behavior of the named actors with their stated objectives.,high,supports_case_reasoning,adapted clue for the reasoning game; not a quotation
8,08-C04,location,Case 8: the mission location and physical constraints restrict who could reach the objective at the relevant time.,medium,supports_case_reasoning,adapted clue for the reasoning game; not a quotation
8,08-C05,motive,Case 8: compare each actor's documented objective with the incentives implied by the mission.,medium,supports_case_reasoning,adapted clue for the reasoning game; not a quotation
8,08-C06,opportunity,"Case 8: access to the objective depends on timing, position, and operational knowledge.",high,supports_case_reasoning,adapted clue for the reasoning game; not a quotation
8,08-C07,decoy,Case 8: an apparent lead can be explained in more than one way; do not treat it as conclusive.,low,potential_red_herring,adapted clue for the reasoning game; not a quotation
8,08-C08,noise,"Case 8: the major action at Prague, Czech Republic provides context, but it is not sufficient by itself to identify the correct explanation.",low,potential_red_herring,adapted clue for the reasoning game; not a quotation
9,09-C01,timeline,Case 9: the sequence of events surrounding The plutonium cores must be reconstructed before assigning responsibility.,high,supports_case_reasoning,adapted clue for the reasoning game; not a quotation
9,09-C02,identity,Case 9: identity information concerning The plutonium cores is incomplete or deliberately misleading.,high,supports_case_reasoning,adapted clue for the reasoning game; not a quotation
9,09-C03,behavior,Case 9: compare the observed behavior of the named actors with their stated objectives.,high,supports_case_reasoning,adapted clue for the reasoning game; not a quotation
9,09-C04,location,Case 9: the mission location and physical constraints restrict who could reach the objective at the relevant time.,medium,supports_case_reasoning,adapted clue for the reasoning game; not a quotation
9,09-C05,motive,Case 9: compare each actor's documented objective with the incentives implied by the mission.,medium,supports_case_reasoning,adapted clue for the reasoning game; not a quotation
9,09-C06,opportunity,"Case 9: access to the objective depends on timing, position, and operational knowledge.",high,supports_case_reasoning,adapted clue for the reasoning game; not a quotation
9,09-C07,decoy,Case 9: an apparent lead can be explained in more than one way; do not treat it as conclusive.,low,potential_red_herring,adapted clue for the reasoning game; not a quotation
9,09-C08,noise,"Case 9: the major action at Berlin, Germany provides context, but it is not sufficient by itself to identify the correct explanation.",low,potential_red_herring,adapted clue for the reasoning game; not a quotation
10,10-C01,timeline,Case 10: the sequence of events surrounding Rabbit's Foot must be reconstructed before assigning responsibility.,high,supports_case_reasoning,adapted clue for the reasoning game; not a quotation
10,10-C02,identity,Case 10: identity information concerning Rabbit's Foot is incomplete or deliberately misleading.,high,supports_case_reasoning,adapted clue for the reasoning game; not a quotation
10,10-C03,behavior,Case 10: compare the observed behavior of the named actors with their stated objectives.,high,supports_case_reasoning,adapted clue for the reasoning game; not a quotation
10,10-C04,location,Case 10: the mission location and physical constraints restrict who could reach the objective at the relevant time.,medium,supports_case_reasoning,adapted clue for the reasoning game; not a quotation
10,10-C05,motive,Case 10: compare each actor's documented objective with the incentives implied by the mission.,medium,supports_case_reasoning,adapted clue for the reasoning game; not a quotation
10,10-C06,opportunity,"Case 10: access to the objective depends on timing, position, and operational knowledge.",high,supports_case_reasoning,adapted clue for the reasoning game; not a quotation
10,10-C07,decoy,Case 10: an apparent lead can be explained in more than one way; do not treat it as conclusive.,low,potential_red_herring,adapted clue for the reasoning game; not a quotation
10,10-C08,noise,"Case 10: the major action at Shanghai, China provides context, but it is not sufficient by itself to identify the correct explanation.",low,potential_red_herring,adapted clue for the reasoning game; not a quotation
11,11-C01,timeline,Case 11: the sequence of events surrounding Solomon Lane must be reconstructed before assigning responsibility.,high,supports_case_reasoning,adapted clue for the reasoning game; not a quotation
11,11-C02,identity,Case 11: identity information concerning Solomon Lane is incomplete or deliberately misleading.,high,supports_case_reasoning,adapted clue for the reasoning game; not a quotation
11,11-C03,behavior,Case 11: compare the observed behavior of the named actors with their stated objectives.,high,supports_case_reasoning,adapted clue for the reasoning game; not a quotation
11,11-C04,location,Case 11: the mission location and physical constraints restrict who could reach the objective at the relevant time.,medium,supports_case_reasoning,adapted clue for the reasoning game; not a quotation
11,11-C05,motive,Case 11: compare each actor's documented objective with the incentives implied by the mission.,medium,supports_case_reasoning,adapted clue for the reasoning game; not a quotation
11,11-C06,opportunity,"Case 11: access to the objective depends on timing, position, and operational knowledge.",high,supports_case_reasoning,adapted clue for the reasoning game; not a quotation
11,11-C07,decoy,Case 11: an apparent lead can be explained in more than one way; do not treat it as conclusive.,low,potential_red_herring,adapted clue for the reasoning game; not a quotation
11,11-C08,noise,"Case 11: the major action at Paris, France provides context, but it is not sufficient by itself to identify the correct explanation.",low,potential_red_herring,adapted clue for the reasoning game; not a quotation
12,12-C01,timeline,Case 12: the sequence of events surrounding The IMF mole must be reconstructed before assigning responsibility.,high,supports_case_reasoning,adapted clue for the reasoning game; not a quotation
12,12-C02,identity,Case 12: identity information concerning The IMF mole is incomplete or deliberately misleading.,high,supports_case_reasoning,adapted clue for the reasoning game; not a quotation
12,12-C03,behavior,Case 12: compare the observed behavior of the named actors with their stated objectives.,high,supports_case_reasoning,adapted clue for the reasoning game; not a quotation
12,12-C04,location,Case 12: the mission location and physical constraints restrict who could reach the objective at the relevant time.,medium,supports_case_reasoning,adapted clue for the reasoning game; not a quotation
12,12-C05,motive,Case 12: compare each actor's documented objective with the incentives implied by the mission.,medium,supports_case_reasoning,adapted clue for the reasoning game; not a quotation
12,12-C06,opportunity,"Case 12: access to the objective depends on timing, position, and operational knowledge.",high,supports_case_reasoning,adapted clue for the reasoning game; not a quotation
12,12-C07,decoy,Case 12: an apparent lead can be explained in more than one way; do not treat it as conclusive.,low,potential_red_herring,adapted clue for the reasoning game; not a quotation
12,12-C08,noise,"Case 12: the major action at Train between London and Paris provides context, but it is not sufficient by itself to identify the correct explanation.",low,potential_red_herring,adapted clue for the reasoning game; not a quotation
13,13-C01,timeline,Case 13: the sequence of events surrounding Syndicate ledger must be reconstructed before assigning responsibility.,high,supports_case_reasoning,adapted clue for the reasoning game; not a quotation
13,13-C02,identity,Case 13: identity information concerning Syndicate ledger is incomplete or deliberately misleading.,high,supports_case_reasoning,adapted clue for the reasoning game; not a quotation
13,13-C03,behavior,Case 13: compare the observed behavior of the named actors with their stated objectives.,high,supports_case_reasoning,adapted clue for the reasoning game; not a quotation
13,13-C04,location,Case 13: the mission location and physical constraints restrict who could reach the objective at the relevant time.,medium,supports_case_reasoning,adapted clue for the reasoning game; not a quotation
13,13-C05,motive,Case 13: compare each actor's documented objective with the incentives implied by the mission.,medium,supports_case_reasoning,adapted clue for the reasoning game; not a quotation
13,13-C06,opportunity,"Case 13: access to the objective depends on timing, position, and operational knowledge.",high,supports_case_reasoning,adapted clue for the reasoning game; not a quotation
13,13-C07,decoy,Case 13: an apparent lead can be explained in more than one way; do not treat it as conclusive.,low,potential_red_herring,adapted clue for the reasoning game; not a quotation
13,13-C08,noise,"Case 13: the major action at Casablanca, Morocco provides context, but it is not sufficient by itself to identify the correct explanation.",low,potential_red_herring,adapted clue for the reasoning game; not a quotation
14,14-C01,timeline,Case 14: the sequence of events surrounding Syndicate shipment must be reconstructed before assigning responsibility.,high,supports_case_reasoning,adapted clue for the reasoning game; not a quotation
14,14-C02,identity,Case 14: identity information concerning Syndicate shipment is incomplete or deliberately misleading.,high,supports_case_reasoning,adapted clue for the reasoning game; not a quotation
14,14-C03,behavior,Case 14: compare the observed behavior of the named actors with their stated objectives.,high,supports_case_reasoning,adapted clue for the reasoning game; not a quotation
14,14-C04,location,Case 14: the mission location and physical constraints restrict who could reach the objective at the relevant time.,medium,supports_case_reasoning,adapted clue for the reasoning game; not a quotation
14,14-C05,motive,Case 14: compare each actor's documented objective with the incentives implied by the mission.,medium,supports_case_reasoning,adapted clue for the reasoning game; not a quotation
14,14-C06,opportunity,"Case 14: access to the objective depends on timing, position, and operational knowledge.",high,supports_case_reasoning,adapted clue for the reasoning game; not a quotation
14,14-C07,decoy,Case 14: an apparent lead can be explained in more than one way; do not treat it as conclusive.,low,potential_red_herring,adapted clue for the reasoning game; not a quotation
14,14-C08,noise,"Case 14: the major action at Minsk, Belarus provides context, but it is not sufficient by itself to identify the correct explanation.",low,potential_red_herring,adapted clue for the reasoning game; not a quotation
15,15-C01,timeline,Case 15: the sequence of events surrounding Chimera must be reconstructed before assigning responsibility.,high,supports_case_reasoning,adapted clue for the reasoning game; not a quotation
15,15-C02,identity,Case 15: identity information concerning Chimera is incomplete or deliberately misleading.,high,supports_case_reasoning,adapted clue for the reasoning game; not a quotation
15,15-C03,behavior,Case 15: compare the observed behavior of the named actors with their stated objectives.,high,supports_case_reasoning,adapted clue for the reasoning game; not a quotation
15,15-C04,location,Case 15: the mission location and physical constraints restrict who could reach the objective at the relevant time.,medium,supports_case_reasoning,adapted clue for the reasoning game; not a quotation
15,15-C05,motive,Case 15: compare each actor's documented objective with the incentives implied by the mission.,medium,supports_case_reasoning,adapted clue for the reasoning game; not a quotation
15,15-C06,opportunity,"Case 15: access to the objective depends on timing, position, and operational knowledge.",high,supports_case_reasoning,adapted clue for the reasoning game; not a quotation
15,15-C07,decoy,Case 15: an apparent lead can be explained in more than one way; do not treat it as conclusive.,low,potential_red_herring,adapted clue for the reasoning game; not a quotation
15,15-C08,noise,"Case 15: the major action at Sydney, Australia provides context, but it is not sufficient by itself to identify the correct explanation.",low,potential_red_herring,adapted clue for the reasoning game; not a quotation
16,16-C01,timeline,Case 16: the sequence of events surrounding John Lark must be reconstructed before assigning responsibility.,high,supports_case_reasoning,adapted clue for the reasoning game; not a quotation
16,16-C02,identity,Case 16: identity information concerning John Lark is incomplete or deliberately misleading.,high,supports_case_reasoning,adapted clue for the reasoning game; not a quotation
16,16-C03,behavior,Case 16: compare the observed behavior of the named actors with their stated objectives.,high,supports_case_reasoning,adapted clue for the reasoning game; not a quotation
16,16-C04,location,Case 16: the mission location and physical constraints restrict who could reach the objective at the relevant time.,medium,supports_case_reasoning,adapted clue for the reasoning game; not a quotation
16,16-C05,motive,Case 16: compare each actor's documented objective with the incentives implied by the mission.,medium,supports_case_reasoning,adapted clue for the reasoning game; not a quotation
16,16-C06,opportunity,"Case 16: access to the objective depends on timing, position, and operational knowledge.",high,supports_case_reasoning,adapted clue for the reasoning game; not a quotation
16,16-C07,decoy,Case 16: an apparent lead can be explained in more than one way; do not treat it as conclusive.,low,potential_red_herring,adapted clue for the reasoning game; not a quotation
16,16-C08,noise,"Case 16: the major action at Paris, France provides context, but it is not sufficient by itself to identify the correct explanation.",low,potential_red_herring,adapted clue for the reasoning game; not a quotation
17,17-C01,timeline,Case 17: the sequence of events surrounding Lindsey Farris must be reconstructed before assigning responsibility.,high,supports_case_reasoning,adapted clue for the reasoning game; not a quotation
17,17-C02,identity,Case 17: identity information concerning Lindsey Farris is incomplete or deliberately misleading.,high,supports_case_reasoning,adapted clue for the reasoning game; not a quotation
17,17-C03,behavior,Case 17: compare the observed behavior of the named actors with their stated objectives.,high,supports_case_reasoning,adapted clue for the reasoning game; not a quotation
17,17-C04,location,Case 17: the mission location and physical constraints restrict who could reach the objective at the relevant time.,medium,supports_case_reasoning,adapted clue for the reasoning game; not a quotation
17,17-C05,motive,Case 17: compare each actor's documented objective with the incentives implied by the mission.,medium,supports_case_reasoning,adapted clue for the reasoning game; not a quotation
17,17-C06,opportunity,"Case 17: access to the objective depends on timing, position, and operational knowledge.",high,supports_case_reasoning,adapted clue for the reasoning game; not a quotation
17,17-C07,decoy,Case 17: an apparent lead can be explained in more than one way; do not treat it as conclusive.,low,potential_red_herring,adapted clue for the reasoning game; not a quotation
17,17-C08,noise,"Case 17: the major action at Berlin, Germany provides context, but it is not sufficient by itself to identify the correct explanation.",low,potential_red_herring,adapted clue for the reasoning game; not a quotation
18,18-C01,timeline,Case 18: the sequence of events surrounding Entity source code must be reconstructed before assigning responsibility.,high,supports_case_reasoning,adapted clue for the reasoning game; not a quotation
18,18-C02,identity,Case 18: identity information concerning Entity source code is incomplete or deliberately misleading.,high,supports_case_reasoning,adapted clue for the reasoning game; not a quotation
18,18-C03,behavior,Case 18: compare the observed behavior of the named actors with their stated objectives.,high,supports_case_reasoning,adapted clue for the reasoning game; not a quotation
18,18-C04,location,Case 18: the mission location and physical constraints restrict who could reach the objective at the relevant time.,medium,supports_case_reasoning,adapted clue for the reasoning game; not a quotation
18,18-C05,motive,Case 18: compare each actor's documented objective with the incentives implied by the mission.,medium,supports_case_reasoning,adapted clue for the reasoning game; not a quotation
18,18-C06,opportunity,"Case 18: access to the objective depends on timing, position, and operational knowledge.",high,supports_case_reasoning,adapted clue for the reasoning game; not a quotation
18,18-C07,decoy,Case 18: an apparent lead can be explained in more than one way; do not treat it as conclusive.,low,potential_red_herring,adapted clue for the reasoning game; not a quotation
18,18-C08,noise,"Case 18: the major action at Svalbard, Norway provides context, but it is not sufficient by itself to identify the correct explanation.",low,potential_red_herring,adapted clue for the reasoning game; not a quotation
19,19-C01,timeline,Case 19: the sequence of events surrounding Second half of Entity key must be reconstructed before assigning responsibility.,high,supports_case_reasoning,adapted clue for the reasoning game; not a quotation
19,19-C02,identity,Case 19: identity information concerning Second half of Entity key is incomplete or deliberately misleading.,high,supports_case_reasoning,adapted clue for the reasoning game; not a quotation
19,19-C03,behavior,Case 19: compare the observed behavior of the named actors with their stated objectives.,high,supports_case_reasoning,adapted clue for the reasoning game; not a quotation
19,19-C04,location,Case 19: the mission location and physical constraints restrict who could reach the objective at the relevant time.,medium,supports_case_reasoning,adapted clue for the reasoning game; not a quotation
19,19-C05,motive,Case 19: compare each actor's documented objective with the incentives implied by the mission.,medium,supports_case_reasoning,adapted clue for the reasoning game; not a quotation
19,19-C06,opportunity,"Case 19: access to the objective depends on timing, position, and operational knowledge.",high,supports_case_reasoning,adapted clue for the reasoning game; not a quotation
19,19-C07,decoy,Case 19: an apparent lead can be explained in more than one way; do not treat it as conclusive.,low,potential_red_herring,adapted clue for the reasoning game; not a quotation
19,19-C08,noise,"Case 19: the major action at Abu Dhabi, UAE provides context, but it is not sufficient by itself to identify the correct explanation.",low,potential_red_herring,adapted clue for the reasoning game; not a quotation
20,20-C01,timeline,Case 20: the sequence of events surrounding Solomon Lane / Syndicate must be reconstructed before assigning responsibility.,high,supports_case_reasoning,adapted clue for the reasoning game; not a quotation
20,20-C02,identity,Case 20: identity information concerning Solomon Lane / Syndicate is incomplete or deliberately misleading.,high,supports_case_reasoning,adapted clue for the reasoning game; not a quotation
20,20-C03,behavior,Case 20: compare the observed behavior of the named actors with their stated objectives.,high,supports_case_reasoning,adapted clue for the reasoning game; not a quotation
20,20-C04,location,Case 20: the mission location and physical constraints restrict who could reach the objective at the relevant time.,medium,supports_case_reasoning,adapted clue for the reasoning game; not a quotation
20,20-C05,motive,Case 20: compare each actor's documented objective with the incentives implied by the mission.,medium,supports_case_reasoning,adapted clue for the reasoning game; not a quotation
20,20-C06,opportunity,"Case 20: access to the objective depends on timing, position, and operational knowledge.",high,supports_case_reasoning,adapted clue for the reasoning game; not a quotation
20,20-C07,decoy,Case 20: an apparent lead can be explained in more than one way; do not treat it as conclusive.,low,potential_red_herring,adapted clue for the reasoning game; not a quotation
20,20-C08,noise,"Case 20: the major action at London, England provides context, but it is not sufficient by itself to identify the correct explanation.",low,potential_red_herring,adapted clue for the reasoning game; not a quotation
21,21-C01,timeline,Case 21: the sequence of events surrounding NOC list must be reconstructed before assigning responsibility.,high,supports_case_reasoning,adapted clue for the reasoning game; not a quotation
21,21-C02,identity,Case 21: identity information concerning NOC list is incomplete or deliberately misleading.,high,supports_case_reasoning,adapted clue for the reasoning game; not a quotation
21,21-C03,behavior,Case 21: compare the observed behavior of the named actors with their stated objectives.,high,supports_case_reasoning,adapted clue for the reasoning game; not a quotation
21,21-C04,location,Case 21: the mission location and physical constraints restrict who could reach the objective at the relevant time.,medium,supports_case_reasoning,adapted clue for the reasoning game; not a quotation
21,21-C05,motive,Case 21: compare each actor's documented objective with the incentives implied by the mission.,medium,supports_case_reasoning,adapted clue for the reasoning game; not a quotation
21,21-C06,opportunity,"Case 21: access to the objective depends on timing, position, and operational knowledge.",high,supports_case_reasoning,adapted clue for the reasoning game; not a quotation
21,21-C07,decoy,Case 21: an apparent lead can be explained in more than one way; do not treat it as conclusive.,low,potential_red_herring,adapted clue for the reasoning game; not a quotation
21,21-C08,noise,"Case 21: the major action at Langley, Virginia, USA provides context, but it is not sufficient by itself to identify the correct explanation.",low,potential_red_herring,adapted clue for the reasoning game; not a quotation
22,22-C01,timeline,Case 22: the sequence of events surrounding Kurt Hendricks / Cobalt must be reconstructed before assigning responsibility.,high,supports_case_reasoning,adapted clue for the reasoning game; not a quotation
22,22-C02,identity,Case 22: identity information concerning Kurt Hendricks / Cobalt is incomplete or deliberately misleading.,high,supports_case_reasoning,adapted clue for the reasoning game; not a quotation
22,22-C03,behavior,Case 22: compare the observed behavior of the named actors with their stated objectives.,high,supports_case_reasoning,adapted clue for the reasoning game; not a quotation
22,22-C04,location,Case 22: the mission location and physical constraints restrict who could reach the objective at the relevant time.,medium,supports_case_reasoning,adapted clue for the reasoning game; not a quotation
22,22-C05,motive,Case 22: compare each actor's documented objective with the incentives implied by the mission.,medium,supports_case_reasoning,adapted clue for the reasoning game; not a quotation
22,22-C06,opportunity,"Case 22: access to the objective depends on timing, position, and operational knowledge.",high,supports_case_reasoning,adapted clue for the reasoning game; not a quotation
22,22-C07,decoy,Case 22: an apparent lead can be explained in more than one way; do not treat it as conclusive.,low,potential_red_herring,adapted clue for the reasoning game; not a quotation
22,22-C08,noise,"Case 22: the major action at Moscow, Russia provides context, but it is not sufficient by itself to identify the correct explanation.",low,potential_red_herring,adapted clue for the reasoning game; not a quotation
23,23-C01,timeline,Case 23: the sequence of events surrounding Kurt Hendricks must be reconstructed before assigning responsibility.,high,supports_case_reasoning,adapted clue for the reasoning game; not a quotation
23,23-C02,identity,Case 23: identity information concerning Kurt Hendricks is incomplete or deliberately misleading.,high,supports_case_reasoning,adapted clue for the reasoning game; not a quotation
23,23-C03,behavior,Case 23: compare the observed behavior of the named actors with their stated objectives.,high,supports_case_reasoning,adapted clue for the reasoning game; not a quotation
23,23-C04,location,Case 23: the mission location and physical constraints restrict who could reach the objective at the relevant time.,medium,supports_case_reasoning,adapted clue for the reasoning game; not a quotation
23,23-C05,motive,Case 23: compare each actor's documented objective with the incentives implied by the mission.,medium,supports_case_reasoning,adapted clue for the reasoning game; not a quotation
23,23-C06,opportunity,"Case 23: access to the objective depends on timing, position, and operational knowledge.",high,supports_case_reasoning,adapted clue for the reasoning game; not a quotation
23,23-C07,decoy,Case 23: an apparent lead can be explained in more than one way; do not treat it as conclusive.,low,potential_red_herring,adapted clue for the reasoning game; not a quotation
23,23-C08,noise,"Case 23: the major action at Mumbai, India provides context, but it is not sufficient by itself to identify the correct explanation.",low,potential_red_herring,adapted clue for the reasoning game; not a quotation
24,24-C01,timeline,Case 24: the sequence of events surrounding Austrian Chancellor threat must be reconstructed before assigning responsibility.,high,supports_case_reasoning,adapted clue for the reasoning game; not a quotation
24,24-C02,identity,Case 24: identity information concerning Austrian Chancellor threat is incomplete or deliberately misleading.,high,supports_case_reasoning,adapted clue for the reasoning game; not a quotation
24,24-C03,behavior,Case 24: compare the observed behavior of the named actors with their stated objectives.,high,supports_case_reasoning,adapted clue for the reasoning game; not a quotation
24,24-C04,location,Case 24: the mission location and physical constraints restrict who could reach the objective at the relevant time.,medium,supports_case_reasoning,adapted clue for the reasoning game; not a quotation
24,24-C05,motive,Case 24: compare each actor's documented objective with the incentives implied by the mission.,medium,supports_case_reasoning,adapted clue for the reasoning game; not a quotation
24,24-C06,opportunity,"Case 24: access to the objective depends on timing, position, and operational knowledge.",high,supports_case_reasoning,adapted clue for the reasoning game; not a quotation
24,24-C07,decoy,Case 24: an apparent lead can be explained in more than one way; do not treat it as conclusive.,low,potential_red_herring,adapted clue for the reasoning game; not a quotation
24,24-C08,noise,"Case 24: the major action at Vienna, Austria provides context, but it is not sufficient by itself to identify the correct explanation.",low,potential_red_herring,adapted clue for the reasoning game; not a quotation
25,25-C01,timeline,Case 25: the sequence of events surrounding Chimera must be reconstructed before assigning responsibility.,high,supports_case_reasoning,adapted clue for the reasoning game; not a quotation
25,25-C02,identity,Case 25: identity information concerning Chimera is incomplete or deliberately misleading.,high,supports_case_reasoning,adapted clue for the reasoning game; not a quotation
25,25-C03,behavior,Case 25: compare the observed behavior of the named actors with their stated objectives.,high,supports_case_reasoning,adapted clue for the reasoning game; not a quotation
25,25-C04,location,Case 25: the mission location and physical constraints restrict who could reach the objective at the relevant time.,medium,supports_case_reasoning,adapted clue for the reasoning game; not a quotation
25,25-C05,motive,Case 25: compare each actor's documented objective with the incentives implied by the mission.,medium,supports_case_reasoning,adapted clue for the reasoning game; not a quotation
25,25-C06,opportunity,"Case 25: access to the objective depends on timing, position, and operational knowledge.",high,supports_case_reasoning,adapted clue for the reasoning game; not a quotation
25,25-C07,decoy,Case 25: an apparent lead can be explained in more than one way; do not treat it as conclusive.,low,potential_red_herring,adapted clue for the reasoning game; not a quotation
25,25-C08,noise,"Case 25: the major action at Sydney, Australia provides context, but it is not sufficient by itself to identify the correct explanation.",low,potential_red_herring,adapted clue for the reasoning game; not a quotation
26,26-C01,timeline,Case 26: the sequence of events surrounding The Entity must be reconstructed before assigning responsibility.,high,supports_case_reasoning,adapted clue for the reasoning game; not a quotation
26,26-C02,identity,Case 26: identity information concerning The Entity is incomplete or deliberately misleading.,high,supports_case_reasoning,adapted clue for the reasoning game; not a quotation
26,26-C03,behavior,Case 26: compare the observed behavior of the named actors with their stated objectives.,high,supports_case_reasoning,adapted clue for the reasoning game; not a quotation
26,26-C04,location,Case 26: the mission location and physical constraints restrict who could reach the objective at the relevant time.,medium,supports_case_reasoning,adapted clue for the reasoning game; not a quotation
26,26-C05,motive,Case 26: compare each actor's documented objective with the incentives implied by the mission.,medium,supports_case_reasoning,adapted clue for the reasoning game; not a quotation
26,26-C06,opportunity,"Case 26: access to the objective depends on timing, position, and operational knowledge.",high,supports_case_reasoning,adapted clue for the reasoning game; not a quotation
26,26-C07,decoy,Case 26: an apparent lead can be explained in more than one way; do not treat it as conclusive.,low,potential_red_herring,adapted clue for the reasoning game; not a quotation
26,26-C08,noise,"Case 26: the major action at South Africa provides context, but it is not sufficient by itself to identify the correct explanation.",low,potential_red_herring,adapted clue for the reasoning game; not a quotation
27,27-C01,timeline,Case 27: the sequence of events surrounding Entity key sale must be reconstructed before assigning responsibility.,high,supports_case_reasoning,adapted clue for the reasoning game; not a quotation
27,27-C02,identity,Case 27: identity information concerning Entity key sale is incomplete or deliberately misleading.,high,supports_case_reasoning,adapted clue for the reasoning game; not a quotation
27,27-C03,behavior,Case 27: compare the observed behavior of the named actors with their stated objectives.,high,supports_case_reasoning,adapted clue for the reasoning game; not a quotation
27,27-C04,location,Case 27: the mission location and physical constraints restrict who could reach the objective at the relevant time.,medium,supports_case_reasoning,adapted clue for the reasoning game; not a quotation
27,27-C05,motive,Case 27: compare each actor's documented objective with the incentives implied by the mission.,medium,supports_case_reasoning,adapted clue for the reasoning game; not a quotation
27,27-C06,opportunity,"Case 27: access to the objective depends on timing, position, and operational knowledge.",high,supports_case_reasoning,adapted clue for the reasoning game; not a quotation
27,27-C07,decoy,Case 27: an apparent lead can be explained in more than one way; do not treat it as conclusive.,low,potential_red_herring,adapted clue for the reasoning game; not a quotation
27,27-C08,noise,"Case 27: the major action at Innsbruck, Austria provides context, but it is not sufficient by itself to identify the correct explanation.",low,potential_red_herring,adapted clue for the reasoning game; not a quotation
28,28-C01,timeline,Case 28: the sequence of events surrounding Owen Davian must be reconstructed before assigning responsibility.,high,supports_case_reasoning,adapted clue for the reasoning game; not a quotation
28,28-C02,identity,Case 28: identity information concerning Owen Davian is incomplete or deliberately misleading.,high,supports_case_reasoning,adapted clue for the reasoning game; not a quotation
28,28-C03,behavior,Case 28: compare the observed behavior of the named actors with their stated objectives.,high,supports_case_reasoning,adapted clue for the reasoning game; not a quotation
28,28-C04,location,Case 28: the mission location and physical constraints restrict who could reach the objective at the relevant time.,medium,supports_case_reasoning,adapted clue for the reasoning game; not a quotation
28,28-C05,motive,Case 28: compare each actor's documented objective with the incentives implied by the mission.,medium,supports_case_reasoning,adapted clue for the reasoning game; not a quotation
28,28-C06,opportunity,"Case 28: access to the objective depends on timing, position, and operational knowledge.",high,supports_case_reasoning,adapted clue for the reasoning game; not a quotation
28,28-C07,decoy,Case 28: an apparent lead can be explained in more than one way; do not treat it as conclusive.,low,potential_red_herring,adapted clue for the reasoning game; not a quotation
28,28-C08,noise,"Case 28: the major action at Vatican City, Rome provides context, but it is not sufficient by itself to identify the correct explanation.",low,potential_red_herring,adapted clue for the reasoning game; not a quotation
29,29-C01,timeline,Case 29: the sequence of events surrounding Nuclear bombs must be reconstructed before assigning responsibility.,high,supports_case_reasoning,adapted clue for the reasoning game; not a quotation
29,29-C02,identity,Case 29: identity information concerning Nuclear bombs is incomplete or deliberately misleading.,high,supports_case_reasoning,adapted clue for the reasoning game; not a quotation
29,29-C03,behavior,Case 29: compare the observed behavior of the named actors with their stated objectives.,high,supports_case_reasoning,adapted clue for the reasoning game; not a quotation
29,29-C04,location,Case 29: the mission location and physical constraints restrict who could reach the objective at the relevant time.,medium,supports_case_reasoning,adapted clue for the reasoning game; not a quotation
29,29-C05,motive,Case 29: compare each actor's documented objective with the incentives implied by the mission.,medium,supports_case_reasoning,adapted clue for the reasoning game; not a quotation
29,29-C06,opportunity,"Case 29: access to the objective depends on timing, position, and operational knowledge.",high,supports_case_reasoning,adapted clue for the reasoning game; not a quotation
29,29-C07,decoy,Case 29: an apparent lead can be explained in more than one way; do not treat it as conclusive.,low,potential_red_herring,adapted clue for the reasoning game; not a quotation
29,29-C08,noise,"Case 29: the major action at Siachen Glacier provides context, but it is not sufficient by itself to identify the correct explanation.",low,potential_red_herring,adapted clue for the reasoning game; not a quotation
30,30-C01,timeline,Case 30: the sequence of events surrounding Nuclear launch codes must be reconstructed before assigning responsibility.,high,supports_case_reasoning,adapted clue for the reasoning game; not a quotation
30,30-C02,identity,Case 30: identity information concerning Nuclear launch codes is incomplete or deliberately misleading.,high,supports_case_reasoning,adapted clue for the reasoning game; not a quotation
30,30-C03,behavior,Case 30: compare the observed behavior of the named actors with their stated objectives.,high,supports_case_reasoning,adapted clue for the reasoning game; not a quotation
30,30-C04,location,Case 30: the mission location and physical constraints restrict who could reach the objective at the relevant time.,medium,supports_case_reasoning,adapted clue for the reasoning game; not a quotation
30,30-C05,motive,Case 30: compare each actor's documented objective with the incentives implied by the mission.,medium,supports_case_reasoning,adapted clue for the reasoning game; not a quotation
30,30-C06,opportunity,"Case 30: access to the objective depends on timing, position, and operational knowledge.",high,supports_case_reasoning,adapted clue for the reasoning game; not a quotation
30,30-C07,decoy,Case 30: an apparent lead can be explained in more than one way; do not treat it as conclusive.,low,potential_red_herring,adapted clue for the reasoning game; not a quotation
30,30-C08,noise,"Case 30: the major action at Dubai, UAE provides context, but it is not sufficient by itself to identify the correct explanation.",low,potential_red_herring,adapted clue for the reasoning game; not a quotation
