case_id,case_code,film,release_year,mission_name,location,mission_objective,key_people,core_uncertainty,outcome,outcome_detail,reasoning_type,detective_question
1,MI-30,Mission: Impossible – The Final Reckoning,2025,Capture Gabriel,"Venice, Italy",Capture Gabriel at a public event and escape with the team intact.,Gabriel; Ethan Hunt; Grace,Gabriel's identity and movements are obscured; Ethan is isolated.,Failure,Gabriel is not captured; Ethan and Grace are captured/tortured before escaping.,Identity deception; surveillance; contingency planning,Which assumptions about Gabriel's location and the team's security failed?
2,MI-29,Mission: Impossible – Dead Reckoning Part One,2023,Retrieve the First Half of the Entity Key,"Empty Quarter, UAE",Recover the first half of the key needed to access the Entity.,Ethan Hunt; Ilsa Faust; hostile pursuers,A desert pursuit and competing intelligence make it difficult to know who has the key.,Success,The first key half is recovered.,Tracking; pursuit analysis; asset identification,"Which person actually possesses the key, and what evidence establishes that?"
3,MI-28,Mission: Impossible – Ghost Protocol,2011,Retrieve Bogdan and Escape the Prison,"Moscow, Russia",Extract Bogdan from prison for intelligence about Cobalt.,Ethan Hunt; Bogdan; Benji Dunn,"Bogdan's knowledge is valuable, but his loyalties and information must be assessed.",Success,Bogdan is extracted and provides useful intelligence.,Source evaluation; extraction planning; credibility assessment,"Which information from Bogdan should be treated as reliable, and why?"
4,MI-27,Mission: Impossible,1996,Interrogate Gennady Zoismov,"Kyiv, Ukraine",Obtain intelligence from Zoismov using an undercover operation.,Ethan Hunt; Zoismov; IMF team,Ethan uses disguise and controlled questioning to conceal his identity.,Success,The team obtains the needed information.,Disguise detection; interrogation; inference,What clues reveal that the apparent identities are not what they seem?
5,MI-26,Mission: Impossible 2,2000,Recruit Nyah Nordoff-Hall,"Seville, Spain",Recruit professional thief Nyah to infiltrate Sean Ambrose's circle.,Ethan Hunt; Nyah Nordoff-Hall; Sean Ambrose,Nyah's history with Ambrose creates both an opportunity and a possible conflict of interest.,Success,Nyah agrees to participate in the operation.,Behavioral reasoning; trust assessment; motive analysis,"What evidence supports trusting Nyah, and what evidence creates doubt?"
6,MI-25,Mission: Impossible – Dead Reckoning Part One,2023,Track Grace,"Rome and Venice, Italy",Find Grace and determine her role in the theft and Entity-key conflict.,Ethan Hunt; Grace; Entity,Grace's motives are unclear and she repeatedly changes plans.,Failure,Ethan locates Grace but cannot keep her under control; the Venice operation goes badly.,Motive inference; pursuit; deception,"Is Grace acting independently, under pressure, or as part of a larger plan?"
7,MI-24,Mission: Impossible 2,2000,Track Sean Ambrose and Determine the Purpose of Chimera,"Sydney, Australia",Identify Ambrose's plan and determine how Chimera is being used.,Ethan Hunt; Sean Ambrose; Nyah,The operation depends on distinguishing Ambrose's public activities from his covert objective.,Success,Ethan establishes the purpose of Chimera and advances the operation.,Pattern recognition; motive analysis; surveillance,What combination of behavior and evidence reveals Ambrose's real objective?
8,MI-23,Mission: Impossible,1996,Track and Apprehend the NOC-List Buyer,"Prague, Czech Republic",Protect the NOC list and identify the person betraying IMF operations.,Ethan Hunt; Jim Phelps; Alexander Golitsyn; Max,"The mission is deliberately constructed as a mole hunt, making appearances unreliable.",Failure,"The team is killed, the list is taken, and Ethan is framed.",Mole detection; false assumptions; evidence reconstruction,"Who benefits from the mission's apparent failure, and what evidence points toward the real traitor?"
9,MI-22,Mission: Impossible – Fallout,2018,Secure the Plutonium Cores,"Berlin, Germany",Recover three stolen plutonium cores before they can be weaponized.,Ethan Hunt; Luther Stickell; Apostles,Ethan must choose between completing the objective and saving Luther.,Failure,The cores are lost after Ethan chooses to save Luther.,Decision analysis; hostage leverage; priority conflicts,"What decision caused the mission failure, and what alternative information could have changed it?"
10,MI-21,Mission: Impossible III,2006,Retrieve the Rabbit's Foot,"Shanghai, China",Steal the mysterious Rabbit's Foot from a heavily secured building.,Ethan Hunt; Benji Dunn; Owen Davian,"Security, timing, and the unknown importance of the object complicate the operation.",Success,The Rabbit's Foot is recovered.,Heist logic; route planning; security analysis,"Which parts of the plan depend on timing, and where are the weak points?"
11,MI-20,Mission: Impossible – Fallout,2018,Free Solomon Lane,"Paris, France",Extract Solomon Lane so the IMF can use his knowledge of the Apostles.,Ethan Hunt; Solomon Lane; August Walker; French police,Lane is both a valuable source and a dangerous adversary.,Success,Lane is extracted from a prisoner convoy.,Source-risk analysis; pursuit prediction; tactical inference,"Why would the IMF risk freeing a known enemy, and what evidence justifies the tradeoff?"
12,MI-19,Mission: Impossible,1996,"Meet Max, Hand Over the NOC List, and Apprehend Job",Train between London and Paris,Expose the mole and secure the stolen NOC information.,Ethan Hunt; Max; Jim Phelps; Claire; Krieger,Multiple identities and disguises make visual identification unreliable.,Success,Ethan exposes the mole and secures the information.,Identity resolution; deception; timeline reconstruction,Which clues distinguish the real mole from the people being framed?
13,MI-18,Mission: Impossible – Rogue Nation,2015,Steal and Secure the Syndicate Ledger,"Casablanca, Morocco",Obtain the Syndicate's financial/intelligence ledger from an underwater facility.,Ethan Hunt; Benji Dunn; Luther Stickell; Ilsa Faust,The facility's security requires precise coordination and underwater infiltration.,Failure,"The ledger operation initially fails, forcing an improvised recovery.",Systems reasoning; timing; failure analysis,"Which failure point causes the plan to collapse, and what dependency was overlooked?"
14,MI-17,Mission: Impossible – Rogue Nation,2015,Intercept the Syndicate Nerve-Gas Shipment,"Minsk, Belarus",Stop a dangerous shipment before it reaches the Syndicate.,Ethan Hunt; Benji Dunn; Syndicate,"The target is moving, heavily protected, and difficult to identify from a distance.",Success,The shipment is intercepted.,Tracking; target identification; route prediction,What evidence identifies the correct aircraft and distinguishes it from decoys?
15,MI-16,Mission: Impossible 2,2000,Infiltrate Biocyte and Destroy Chimera,"Sydney, Australia",Destroy Chimera and prevent the virus from being released.,Ethan Hunt; Nyah Nordoff-Hall; Sean Ambrose,The team must enter a secure facility while Ambrose's forces defend the virus.,Failure,The facility operation becomes a firefight and the objective is not achieved cleanly.,Infiltration; threat assessment; contingency reasoning,Which security layer creates the greatest risk to the plan?
16,MI-15,Mission: Impossible – Fallout,2018,Intercept the Apostles' Sale and Uncover John Lark,"Paris, France",Intercept the plutonium transaction and identify John Lark.,Ethan Hunt; August Walker; White Widow; Apostles,"The buyer, seller, and decoy identities are deliberately obscured.",Success,The transaction is disrupted and the investigation identifies the Lark deception.,Identity analysis; undercover reasoning; evidence linkage,Which clues distinguish the real John Lark from the decoy?
17,MI-14,Mission: Impossible III,2006,Find Lindsey Farris and Bring Her Home,"Berlin, Germany",Rescue IMF agent Lindsey Farris before Davian's operation succeeds.,Ethan Hunt; Lindsey Farris; Owen Davian,The team must work against a tight timeline while Davian anticipates their response.,Failure,Lindsey is recovered but dies from an implanted explosive.,Timeline analysis; threat detection; rescue planning,What warning signs could have revealed the hidden threat before the extraction?
18,MI-13,Mission: Impossible – The Final Reckoning,2025,Retrieve the Entity Source Code from the Sevastopol Wreck,"Svalbard, Norway",Recover the Entity's source code from the wrecked submarine.,Ethan Hunt; Grace; Entity,Extreme environmental conditions create uncertainty about survival and retrieval.,Success,Ethan retrieves the source code and survives with Grace's help.,Evidence recovery; environmental reasoning; survival constraints,What physical clues determine whether the source code can be recovered safely?
19,MI-12,Mission: Impossible – Dead Reckoning Part One,2023,Retrieve the Second Half of the Entity Key,"Abu Dhabi, UAE",Recover the second key half while preventing a nuclear-bomb catastrophe.,Ethan Hunt; Grace; Entity agents,Several people are pursuing the same object and the airport contains misleading signals.,Failure,The team fails to secure the key during the operation.,Crowd reasoning; object tracking; deception detection,How can the correct key carrier be distinguished from decoys?
20,MI-11,Mission: Impossible – Rogue Nation,2015,Unlock the Ledger and Take Down the Syndicate,"London, England",Use the ledger to expose and dismantle the Syndicate.,Ethan Hunt; Benji Dunn; Ilsa Faust; Solomon Lane,The team's evidence must overcome institutional disbelief and a sophisticated enemy.,Success,The Syndicate is exposed and Lane is captured.,Evidence chains; institutional reasoning; adversarial planning,Which pieces of evidence are independently corroborated?
21,MI-10,Mission: Impossible,1996,Steal the NOC List from CIA Headquarters,"Langley, Virginia, USA",Copy the NOC list without triggering the vault's security systems.,Ethan Hunt; Luther Stickell; Franz Krieger; Claire,"Temperature, sound, movement, and physical contact become clues about whether the intrusion has been detected.",Success,The team retrieves the data without immediate detection.,Constraint satisfaction; anomaly detection; heist reasoning,Which sensor conditions must remain unchanged for the operation to succeed?
22,MI-9,Mission: Impossible – Ghost Protocol,2011,Infiltrate the Kremlin and Retrieve Cobalt Files,"Moscow, Russia",Obtain intelligence connecting Cobalt to a nuclear-war plan.,Ethan Hunt; Benji Dunn; Kurt Hendricks,The team uses projected visual deception and impersonation inside the Kremlin.,Failure,An explosion destroys part of the Kremlin and the IMF is blamed.,Evidence reconstruction; deception; causal reasoning,"Who benefits from the Kremlin bombing, and what evidence separates cause from coincidence?"
23,MI-8,Mission: Impossible – Ghost Protocol,2011,Stop Hendricks and the Nuclear Launch,"Mumbai, India",Prevent a nuclear launch and stop Kurt Hendricks.,Ethan Hunt; Benji Dunn; William Brandt; Jane Carter; Kurt Hendricks,Multiple team members must solve separate tasks with synchronized timing.,Success,The nuclear launch is prevented and Hendricks is stopped.,Multi-agent reasoning; timing dependencies; parallel tasks,"Which task is the critical dependency, and what happens if it fails?"
24,MI-7,Mission: Impossible – Rogue Nation,2015,Protect the Austrian Chancellor at the Opera,"Vienna, Austria",Prevent an assassination while determining which apparent threat is real.,Ethan Hunt; Benji Dunn; Ilsa Faust; Solomon Lane,"Several shooters, disguises, and competing lines of sight create ambiguity.",Failure,The assassination attempt cannot be completely prevented.,Threat identification; spatial reasoning; decoy analysis,Which suspect's position and behavior provide the strongest evidence of intent?
25,MI-6,Mission: Impossible 2,2000,Secure Bellpheron and Prevent the Chimera Pandemic,"Sydney, Australia",Stop Ambrose and prevent the release of Chimera.,Ethan Hunt; Nyah Nordoff-Hall; Sean Ambrose,"The final operation combines infiltration, identity deception, and pursuit.",Success,Ambrose is defeated and the pandemic threat is stopped.,Integrated reasoning; identity verification; endgame analysis,Which sequence of events proves that the virus threat has been neutralized?
26,MI-5,Mission: Impossible – The Final Reckoning,2025,Capture and Defeat the Entity,South Africa,Prevent the Entity from triggering a global nuclear catastrophe.,Ethan Hunt; Grace; Benji Dunn; Luther Stickell; Entity,The Entity can manipulate information and anticipate human decisions.,Success,The team succeeds in stopping the Entity's immediate threat.,Adversarial AI reasoning; causal chains; contingency planning,Which evidence proves that the Entity's attack path has actually been interrupted?
27,MI-4,Mission: Impossible – Dead Reckoning Part One,2023,Intercept the Entity-Key Sale on a Moving Train,"Innsbruck, Austria",Stop the sale of the Entity key and survive the sabotaged train.,Ethan Hunt; Grace; Gabriel; Benji Dunn,"Masks, substitutions, hidden identities, and a sabotaged train create a rapidly changing puzzle.",Failure,"The key sale is disrupted, but the train disaster causes major losses.",Timeline reconstruction; identity swaps; cascading failures,At what point does the operation change from an interception to a survival problem?
28,MI-3,Mission: Impossible III,2006,Kidnap Owen Davian,"Vatican City, Rome",Capture Davian and make his disappearance appear credible.,Ethan Hunt; Luther Stickell; Benji Dunn; Owen Davian,The team uses layered disguises and a staged death to deceive Davian's network.,Success,Davian is captured and transported out.,Identity deception; staged evidence; chain-of-custody reasoning,Which clues would reveal that the apparent death was staged?
29,MI-2,Mission: Impossible – Fallout,2018,Defuse the Nuclear Bombs,Siachen Glacier,Prevent simultaneous nuclear detonations after the plutonium cores are weaponized.,Ethan Hunt; Benji Dunn; Luther Stickell; Ilsa Faust; Solomon Lane,Two devices must be handled under extreme time pressure and coordination.,Success,The bombs are defused before detonation.,Parallel reasoning; synchronization; last-known-state analysis,What information must each team member know for both devices to be safely neutralized?
30,MI-1,Mission: Impossible – Ghost Protocol,2011,Intercept Nuclear Launch Codes and Track Marius Wistrom,"Dubai, UAE",Stop a nuclear-code exchange involving the Burj Khalifa operation.,Ethan Hunt; Benji Dunn; Jane Carter; William Brandt; Wistrom,"Both sides use impersonators, creating a multi-layer identity puzzle.",Failure,The code exchange is not fully controlled and the mission becomes a chase.,Identity resolution; simultaneous operations; adversarial inference,"Which person is the real buyer, seller, and intermediary, and what evidence proves each identity?"
